time_min,phase,uv_mau,cond_mScm,ph,flow_mL_min,pressure_bar,cumulative_vol_mL,cumulative_CV,column_diameter_cm,column_bed_height_cm,column_bed_volume_mL,flow_setpoint_L_min
0,Load,3.59098534741186,9.43863456518171,7.2372463512279,60000,1.88655075297391,30000,0.132629119243246,120,20,226194.671058465,60
0.5,Load,3.34557768395531,10.172663953,7.17180361142104,60000,1.88387668774312,60000,0.265258238486492,120,20,226194.671058465,60
1,Load,4.91217127928212,9.93877914548547,7.19016688770069,60000,1.90312927455978,90000,0.397887357729738,120,20,226194.671058465,60
1.5,Load,4.28992529831919,10.0767720550313,7.21303496282806,60000,1.89969947642936,120000,0.530516476972985,120,20,226194.671058465,60
2,Load,5.63262493234255,9.87434537682249,7.24459463682819,60000,1.91383171541534,150000,0.663145596216231,120,20,226194.671058465,60
2.5,Load,3.66161253271485,10.4103722352163,7.18295682388069,60000,1.90881476634767,180000,0.795774715459477,120,20,226194.671058465,60
3,Load,5.13259037458974,10.2913417020469,7.20056044374052,60000,1.88604217316895,210000,0.928403834702723,120,20,226194.671058465,60
3.5,Load,4.8847266624885,10.1171591788959,7.22802372550068,60000,1.87277371552271,240000,1.06103295394597,120,20,226194.671058465,60
4,Load,4.61983305684318,10.2473281187155,7.2184230149279,60000,1.90408992933332,270000,1.19366207318922,120,20,226194.671058465,60
4.5,Load,5.14127532381298,9.91872156095266,7.18142021665739,60000,1.85908974460415,300000,1.32629119243246,120,20,226194.671058465,60
5,Load,5.5617292834371,10.0710845834638,7.19833102433547,60000,1.83413880421988,330000,1.45892031167571,120,20,226194.671058465,60
5.5,Load,3.70337032337685,9.62580475909175,7.22241681302806,60000,1.89681518270771,360000,1.59154943091895,120,20,226194.671058465,60
6,Load,5.4562461792801,9.58279437100742,7.22877410964719,60000,1.89548176349354,390000,1.7241785501622,120,20,226194.671058465,60
6.5,Load,3.72912319303964,10.6977339375645,7.23032880201179,60000,1.87878813850595,420000,1.85680766940545,120,20,226194.671058465,60
7,Load,4.55140277046398,9.90233649654414,7.21019796496953,60000,1.88252988565943,450000,1.98943678864869,120,20,226194.671058465,60
7.5,Load,4.88335812401059,10.4401543752127,7.19771580216444,60000,1.89171503445492,480000,2.12206590789194,120,20,226194.671058465,60
8,Load,4.75921977318519,10.5355955182674,7.20714638845421,60000,1.87630485112632,510000,2.25469502713518,120,20,226194.671058465,60
8.5,Load,4.30620713510555,9.74387223322378,7.2091941191003,60000,1.89076084788781,540000,2.38732414637843,120,20,226194.671058465,60
9,Load,5.51785100366752,9.61408199947489,7.17279483267421,60000,1.85659194206545,570000,2.51995326562168,120,20,226194.671058465,60
9.5,Load,4.55504118280632,10.0328456078341,7.22250087843416,60000,1.84727816108631,600000,2.65258238486492,120,20,226194.671058465,60
10,Load,4.99350601339243,9.94277186189964,7.19674402006735,60000,1.86246009344582,630000,2.78521150410817,120,20,226194.671058465,60
10.5,Load,4.91500047360156,9.88279671922024,7.23411705361089,60000,1.90064661708946,660000,2.91784062335142,120,20,226194.671058465,60
11,Load,4.47985252498197,10.0343753311072,7.20659887077315,60000,1.87470070857293,690000,3.05046974259466,120,20,226194.671058465,60
11.5,Load,4.78966517097732,10.2634175736725,7.17253993966229,60000,1.89337820420611,720000,3.18309886183791,120,20,226194.671058465,60
12,Load,4.0803440707984,9.81511207354237,7.19954629449349,60000,1.86974484492231,750000,3.31572798108115,120,20,226194.671058465,60
12.5,Load,4.53808918209916,9.89391557751591,7.17792022729257,60000,1.86826338416052,780000,3.4483571003244,120,20,226194.671058465,60
13,Load,5.53274889846662,10.2135931068973,7.17637041864142,60000,1.87819499558473,810000,3.58098621956765,120,20,226194.671058465,60
13.5,Load,3.95339348345065,10.3975440186625,7.20660579891233,60000,1.89942579743622,840000,3.71361533881089,120,20,226194.671058465,60
14,Load,5.95769653405967,9.36784229580109,7.19913732820718,60000,1.89250134897101,870000,3.84624445805414,120,20,226194.671058465,60
14.5,Load,3.89750495063661,10.0203739507508,7.21096256759284,60000,1.85224787950438,900000,3.97887357729738,120,20,226194.671058465,60
15,Load,4.76708849127827,9.49530205546269,7.20420582582172,60000,1.91479727745596,930000,4.11150269654063,120,20,226194.671058465,60
15.5,Load,4.63297321892255,9.90544768303443,7.16130938528574,60000,1.83803112322898,960000,4.24413181578388,120,20,226194.671058465,60
16,Load,4.07852377870716,9.92976233881512,7.19623231745471,60000,1.91039081383766,990000,4.37676093502712,120,20,226194.671058465,60
16.5,Load,3.86434753182777,10.359555950955,7.19659223153288,60000,1.9016666218713,1020000,4.50939005427037,120,20,226194.671058465,60
17,Load,5.22540117505375,10.1666080685526,7.20618783140314,60000,1.86798474897689,1050000,4.64201917351362,120,20,226194.671058465,60
17.5,Load,4.52626434731004,10.6026266158555,7.18081144493716,60000,1.85810912857559,1080000,4.77464829275686,120,20,226194.671058465,60
18,Load,3.95741497295318,9.72092059381899,7.23032737293451,60000,1.90587453723701,1110000,4.90727741200011,120,20,226194.671058465,60
18.5,Load,4.74768225755747,10.0710866166158,7.19790083688,60000,1.88552714821408,1140000,5.03990653124335,120,20,226194.671058465,60
19,Load,5.028634636277,9.46577856773096,7.18393519816097,60000,1.89747512211025,1170000,5.1725356504866,120,20,226194.671058465,60
19.5,Load,5.07951721629326,9.52988252492937,7.18551314961184,60000,1.88309262467124,1200000,5.30516476972985,120,20,226194.671058465,60
20,Load,4.49014948854068,9.58722592341954,7.18743257783761,60000,1.9045819786095,1230000,5.43779388897309,120,20,226194.671058465,60
20.5,Load,4.41074680314961,10.2427363932971,7.19708379083822,60000,1.89264456949754,1260000,5.57042300821634,120,20,226194.671058465,60
21,Load,3.65927118119481,9.75502746776333,7.17706335835665,60000,1.87800203120094,1290000,5.70305212745958,120,20,226194.671058465,60
21.5,Load,3.72473774914576,9.65095786006232,7.20324119118126,60000,1.86000384211491,1320000,5.83568124670283,120,20,226194.671058465,60
22,Load,3.97516974549191,10.0075386133648,7.19560128409467,60000,1.88975545728284,1350000,5.96831036594608,120,20,226194.671058465,60
22.5,Load,5.27778561089303,9.56392021602051,7.17475221402286,60000,1.90944395938319,1380000,6.10093948518932,120,20,226194.671058465,60
23,Load,5.12144161871951,9.3357437886871,7.20691453159603,60000,1.8871078109397,1410000,6.23356860443257,120,20,226194.671058465,60
23.5,Load,3.78734193730589,10.1650607488079,7.18593861838204,60000,1.85936473450398,1440000,6.36619772367581,120,20,226194.671058465,60
24,Load,4.13701703902593,9.29669700747434,7.21885531602451,60000,1.88139052372944,1470000,6.49882684291906,120,20,226194.671058465,60
24.5,Load,4.80763618577051,9.58406732401894,7.17180060593832,60000,1.87621099103084,1500000,6.63145596216231,120,20,226194.671058465,60
25,Load,5.34232151984787,10.1133912993984,7.20905076837959,60000,1.89450955494855,1530000,6.76408508140555,120,20,226194.671058465,60
25.5,Load,3.61114102690122,10.4733304614796,7.1786481246191,60000,1.91140783760782,1560000,6.8967142006488,120,20,226194.671058465,60
26,Load,5.38845967496887,10.3793619428014,7.17156472701311,60000,1.91566848871189,1590000,7.02934331989205,120,20,226194.671058465,60
26.5,Load,4.42115650838789,10.1524237315597,7.2039052606296,60000,1.88274616250412,1620000,7.16197243913529,120,20,226194.671058465,60
27,Load,4.54363214550983,10.0864657189271,7.19495251750031,60000,1.89148551554557,1650000,7.29460155837854,120,20,226194.671058465,60
27.5,Load,4.53656184389179,9.79657854145195,7.21064258747763,60000,1.85641495251674,1680000,7.42723067762178,120,20,226194.671058465,60
28,Load,3.83032903078629,10.097203757257,7.18479619822762,60000,1.8908799362459,1710000,7.55985979686503,120,20,226194.671058465,60
28.5,Load,4.67406952152289,10.2285564322127,7.22351013153018,60000,1.91139578825103,1740000,7.69248891610828,120,20,226194.671058465,60
29,Load,4.08278550213047,9.2967106318634,7.23180904595832,60000,1.91037123942358,1770000,7.82511803535152,120,20,226194.671058465,60
29.5,Load,4.66480537970144,9.63403727654754,7.18338460236789,60000,1.88967798389152,1800000,7.95774715459477,120,20,226194.671058465,60
30,Load,5.32673487524695,9.63403727654754,7.18338460236789,0,1.88967798389152,1800000,7.95774715459477,120,20,226194.671058465,0
30.5,Load,4.58871063836177,9.63403727654754,7.18338460236789,0,1.88967798389152,1800000,7.95774715459477,120,20,226194.671058465,0
31,Load,5.01498875602987,9.63403727654754,7.18338460236789,0,1.88967798389152,1800000,7.95774715459477,120,20,226194.671058465,0
31.5,Load,5.58683479701465,9.63403727654754,7.18338460236789,0,1.88967798389152,1800000,7.95774715459477,120,20,226194.671058465,0
32,Load,4.38564960308158,9.63403727654754,7.18338460236789,0,1.88967798389152,1800000,7.95774715459477,120,20,226194.671058465,0
32.5,Load,3.42244623944258,9.63403727654754,7.18338460236789,0,1.88967798389152,1800000,7.95774715459477,120,20,226194.671058465,0
33,Load,3.98006189265665,9.63403727654754,7.18338460236789,0,1.88967798389152,1800000,7.95774715459477,120,20,226194.671058465,0
33.5,Load,3.70978924825202,9.63403727654754,7.18338460236789,0,1.88967798389152,1800000,7.95774715459477,120,20,226194.671058465,0
34,Load,4.7505407084513,9.63403727654754,7.18338460236789,0,1.88967798389152,1800000,7.95774715459477,120,20,226194.671058465,0
34.5,Load,4.42549295357865,9.63403727654754,7.18338460236789,0,1.88967798389152,1800000,7.95774715459477,120,20,226194.671058465,0
35,Load,4.742826419835,9.63403727654754,7.18338460236789,0,1.88967798389152,1800000,7.95774715459477,120,20,226194.671058465,0
35.5,Load,4.61120355166011,9.63403727654754,7.18338460236789,0,1.88967798389152,1800000,7.95774715459477,120,20,226194.671058465,0
36,Load,4.80837647707616,9.63403727654754,7.18338460236789,0,1.88967798389152,1800000,7.95774715459477,120,20,226194.671058465,0
36.5,Load,4.4657751325315,9.63403727654754,7.18338460236789,0,1.88967798389152,1800000,7.95774715459477,120,20,226194.671058465,0
37,Load,3.83088308532965,9.63403727654754,7.18338460236789,0,1.88967798389152,1800000,7.95774715459477,120,20,226194.671058465,0
37.5,Load,4.39621209800585,9.63403727654754,7.18338460236789,0,1.88967798389152,1800000,7.95774715459477,120,20,226194.671058465,0
38,Load,4.71696536016687,9.63403727654754,7.18338460236789,0,1.88967798389152,1800000,7.95774715459477,120,20,226194.671058465,0
38.5,Load,3.85538346348822,9.63403727654754,7.18338460236789,0,1.88967798389152,1800000,7.95774715459477,120,20,226194.671058465,0
39,Load,4.45617708996014,9.63403727654754,7.18338460236789,0,1.88967798389152,1800000,7.95774715459477,120,20,226194.671058465,0
39.5,Load,5.69947732842661,9.63403727654754,7.18338460236789,0,1.88967798389152,1800000,7.95774715459477,120,20,226194.671058465,0
40,Load,5.22099721346641,9.63403727654754,7.18338460236789,0,1.88967798389152,1800000,7.95774715459477,120,20,226194.671058465,0
40.5,Load,4.78239359526474,9.63403727654754,7.18338460236789,0,1.88967798389152,1800000,7.95774715459477,120,20,226194.671058465,0
41,Load,3.80077203569185,9.63403727654754,7.18338460236789,0,1.88967798389152,1800000,7.95774715459477,120,20,226194.671058465,0
41.5,Load,5.36758756266946,9.63403727654754,7.18338460236789,0,1.88967798389152,1800000,7.95774715459477,120,20,226194.671058465,0
42,Load,5.61669175995849,9.63403727654754,7.18338460236789,0,1.88967798389152,1800000,7.95774715459477,120,20,226194.671058465,0
42.5,Load,4.14576949007481,9.63403727654754,7.18338460236789,0,1.88967798389152,1800000,7.95774715459477,120,20,226194.671058465,0
43,Load,4.84516466440344,9.63403727654754,7.18338460236789,0,1.88967798389152,1800000,7.95774715459477,120,20,226194.671058465,0
43.5,Load,4.48663670565485,9.63403727654754,7.18338460236789,0,1.88967798389152,1800000,7.95774715459477,120,20,226194.671058465,0
44,Load,5.14740898993143,9.63403727654754,7.18338460236789,0,1.88967798389152,1800000,7.95774715459477,120,20,226194.671058465,0
44.5,Load,5.26752263121841,9.63403727654754,7.18338460236789,0,1.88967798389152,1800000,7.95774715459477,120,20,226194.671058465,0
45,Load,3.65059695467941,9.63403727654754,7.18338460236789,0,1.88967798389152,1800000,7.95774715459477,120,20,226194.671058465,0
45.5,Load,4.82982967465022,9.63403727654754,7.18338460236789,0,1.88967798389152,1800000,7.95774715459477,120,20,226194.671058465,0
46,Load,4.4327788771102,9.63403727654754,7.18338460236789,0,1.88967798389152,1800000,7.95774715459477,120,20,226194.671058465,0
46.5,Load,5.45804647677667,9.63403727654754,7.18338460236789,0,1.88967798389152,1800000,7.95774715459477,120,20,226194.671058465,0
47,Load,5.00996298334776,9.63403727654754,7.18338460236789,0,1.88967798389152,1800000,7.95774715459477,120,20,226194.671058465,0
47.5,Load,3.50203494314004,9.63403727654754,7.18338460236789,0,1.88967798389152,1800000,7.95774715459477,120,20,226194.671058465,0
48,Load,3.92042966730708,9.63403727654754,7.18338460236789,0,1.88967798389152,1800000,7.95774715459477,120,20,226194.671058465,0
48.5,Load,4.7444099018788,9.63403727654754,7.18338460236789,0,1.88967798389152,1800000,7.95774715459477,120,20,226194.671058465,0
49,Load,4.5755487575105,9.63403727654754,7.18338460236789,0,1.88967798389152,1800000,7.95774715459477,120,20,226194.671058465,0
49.5,Load,4.48116947958718,9.63403727654754,7.18338460236789,0,1.88967798389152,1800000,7.95774715459477,120,20,226194.671058465,0
50,Wash_1,4.67269456974498,9.11506869323075,7.16439474591096,60000,1.87894587626025,1830000,8.09037627383801,120,20,226194.671058465,60
50.5,Wash_1,4.96029371765302,8.59610010991396,7.14540488945402,60000,1.86821376862898,1860000,8.22300539308126,120,20,226194.671058465,60
51,Wash_1,5.09235403825446,8.07713152659717,7.12641503299708,60000,1.85748166099771,1890000,8.35563451232451,120,20,226194.671058465,60
51.5,Wash_1,5.03969352659756,7.55816294328038,7.10742517654015,60000,1.84674955336644,1920000,8.48826363156775,120,20,226194.671058465,60
52,Wash_1,5.27380384532352,7.03919435996359,7.08843532008321,60000,1.83601744573517,1950000,8.620892750811,120,20,226194.671058465,60
52.5,Wash_1,5.66435367423993,6.5202257766468,7.06944546362627,60000,1.8252853381039,1980000,8.75352187005425,120,20,226194.671058465,60
53,Wash_1,2.8923106123856,6.00125719333001,7.05045560716934,60000,1.81455323047263,2010000,8.88615098929749,120,20,226194.671058465,60
53.5,Wash_1,4.12035757263249,5.48228861001322,7.0314657507124,60000,1.80382112284136,2040000,9.01878010854074,120,20,226194.671058465,60
54,Wash_1,4.12389007577204,4.96332002669643,7.01247589425546,60000,1.79308901521009,2070000,9.15140922778399,120,20,226194.671058465,60
54.5,Wash_1,3.88267239794873,4.44435144337964,6.99348603779853,60000,1.78235690757882,2100000,9.28403834702723,120,20,226194.671058465,60
55,Wash_1,5.21958492717995,5.17359849014455,7.00175925792662,60000,1.78038209965491,2130000,9.41666746627048,120,20,226194.671058465,60
55.5,Wash_1,4.41267923723622,5.44348368071482,6.98198615632575,60000,1.78519609141647,2160000,9.54929658551372,120,20,226194.671058465,60
56,Wash_1,3.68970325023456,5.26368620831027,6.97005253659811,60000,1.74862654613694,2190000,9.68192570475697,120,20,226194.671058465,60
56.5,Wash_1,4.61544988998208,5.00980856757598,6.97763388365587,60000,1.79680560068957,2220000,9.81455482400021,120,20,226194.671058465,60
57,Wash_1,4.70066209224828,4.80753718376515,7.00462564045487,60000,1.79699724052447,2250000,9.94718394324346,120,20,226194.671058465,60
57.5,Wash_1,4.70066209224828,4.80753718376515,7.00462564045487,0,1.79699724052447,2250000,9.94718394324346,120,20,226194.671058465,0
58,Wash_1,4.70066209224828,4.80753718376515,7.00462564045487,0,1.79699724052447,2250000,9.94718394324346,120,20,226194.671058465,0
58.5,Wash_1,4.70066209224828,4.80753718376515,7.00462564045487,0,1.79699724052447,2250000,9.94718394324346,120,20,226194.671058465,0
59,Wash_1,4.70066209224828,4.80753718376515,7.00462564045487,0,1.79699724052447,2250000,9.94718394324346,120,20,226194.671058465,0
59.5,Wash_1,4.70066209224828,4.80753718376515,7.00462564045487,0,1.79699724052447,2250000,9.94718394324346,120,20,226194.671058465,0
60,Wash_1,4.70066209224828,4.80753718376515,7.00462564045487,0,1.79699724052447,2250000,9.94718394324346,120,20,226194.671058465,0
60.5,Wash_1,4.70066209224828,4.80753718376515,7.00462564045487,0,1.79699724052447,2250000,9.94718394324346,120,20,226194.671058465,0
61,Wash_1,4.70066209224828,4.80753718376515,7.00462564045487,0,1.79699724052447,2250000,9.94718394324346,120,20,226194.671058465,0
61.5,Wash_1,4.70066209224828,4.80753718376515,7.00462564045487,0,1.79699724052447,2250000,9.94718394324346,120,20,226194.671058465,0
62,Wash_1,4.70066209224828,4.80753718376515,7.00462564045487,0,1.79699724052447,2250000,9.94718394324346,120,20,226194.671058465,0
62.5,Wash_2,3.90231814284263,6.31879105936638,7.00299988854082,60000,1.79660615495204,2280000,10.0798130624867,120,20,226194.671058465,60
63,Wash_2,3.851947303377,7.83004493496761,7.00137413662677,60000,1.79621506937961,2310000,10.21244218173,120,20,226194.671058465,60
63.5,Wash_2,3.80157646391137,9.34129881056884,6.99974838471272,60000,1.79582398380718,2340000,10.3450713009732,120,20,226194.671058465,60
64,Wash_2,3.75120562444574,10.8525526861701,6.99812263279867,60000,1.79543289823475,2370000,10.4777004202164,120,20,226194.671058465,60
64.5,Wash_2,3.70083478498011,12.3638065617713,6.99649688088462,60000,1.79504181266232,2400000,10.6103295394597,120,20,226194.671058465,60
65,Wash_2,3.65046394551447,13.8750604373725,6.99487112897057,60000,1.79465072708989,2430000,10.7429586587029,120,20,226194.671058465,60
65.5,Wash_2,3.60009310604884,15.3863143129738,6.99324537705652,60000,1.79425964151746,2460000,10.8755877779462,120,20,226194.671058465,60
66,Wash_2,3.54972226658321,16.897568188575,6.99161962514247,60000,1.79386855594503,2490000,11.0082168971894,120,20,226194.671058465,60
66.5,Wash_2,3.49935142711758,18.4088220641762,6.98999387322842,60000,1.7934774703726,2520000,11.1408460164327,120,20,226194.671058465,60
67,Wash_2,3.44898058765195,19.9200759397774,6.98836812131437,60000,1.79308638480017,2550000,11.2734751356759,120,20,226194.671058465,60
67.5,Wash_2,4.96670526048306,19.5949702645621,7.0320845820937,60000,1.76425947084612,2580000,11.4061042549192,120,20,226194.671058465,60
68,Wash_2,3.72538159798449,19.7968177447972,6.98396762318463,60000,1.78669265944619,2610000,11.5387333741624,120,20,226194.671058465,60
68.5,Wash_2,4.62032352915183,19.6316253347925,6.95639267582524,60000,1.75281901689394,2640000,11.6713624934057,120,20,226194.671058465,60
69,Wash_2,4.12878392797419,19.7743517395797,6.98181794222793,60000,1.82071719136338,2670000,11.8039916126489,120,20,226194.671058465,60
69.5,Wash_2,3.22360170365771,20.0169234701509,7.00490742017991,60000,1.77332675806458,2700000,11.9366207318922,120,20,226194.671058465,60
70,Wash_2,3.22360170365771,20.0169234701509,7.00490742017991,0,1.77332675806458,2700000,11.9366207318922,120,20,226194.671058465,0
70.5,Wash_2,3.22360170365771,20.0169234701509,7.00490742017991,0,1.77332675806458,2700000,11.9366207318922,120,20,226194.671058465,0
71,Wash_2,3.22360170365771,20.0169234701509,7.00490742017991,0,1.77332675806458,2700000,11.9366207318922,120,20,226194.671058465,0
71.5,Wash_2,3.22360170365771,20.0169234701509,7.00490742017991,0,1.77332675806458,2700000,11.9366207318922,120,20,226194.671058465,0
72,Wash_2,3.22360170365771,20.0169234701509,7.00490742017991,0,1.77332675806458,2700000,11.9366207318922,120,20,226194.671058465,0
72.5,Wash_2,3.22360170365771,20.0169234701509,7.00490742017991,0,1.77332675806458,2700000,11.9366207318922,120,20,226194.671058465,0
73,Wash_2,3.22360170365771,20.0169234701509,7.00490742017991,0,1.77332675806458,2700000,11.9366207318922,120,20,226194.671058465,0
73.5,Wash_2,3.22360170365771,20.0169234701509,7.00490742017991,0,1.77332675806458,2700000,11.9366207318922,120,20,226194.671058465,0
74,Wash_2,3.22360170365771,20.0169234701509,7.00490742017991,0,1.77332675806458,2700000,11.9366207318922,120,20,226194.671058465,0
74.5,Wash_2,3.22360170365771,20.0169234701509,7.00490742017991,0,1.77332675806458,2700000,11.9366207318922,120,20,226194.671058465,0
75,Elution,4.61001048603881,20.0152311231358,6.98441667816192,60000,1.77669970194538,2730000,12.0692498511354,120,20,226194.671058465,60
75.5,Elution,5.99641926841991,20.0135387761207,6.96392593614393,60000,1.78007264582618,2760000,12.2018789703786,120,20,226194.671058465,60
76,Elution,7.38282805080102,20.0118464291056,6.94343519412594,60000,1.78344558970698,2790000,12.3345080896219,120,20,226194.671058465,60
76.5,Elution,8.76923683318212,20.0101540820905,6.92294445210795,60000,1.78681853358778,2820000,12.4671372088651,120,20,226194.671058465,60
77,Elution,10.1556456155632,20.0084617350754,6.90245371008995,60000,1.79019147746858,2850000,12.5997663281084,120,20,226194.671058465,60
77.5,Elution,11.5420543979443,20.0067693880604,6.88196296807196,60000,1.79356442134938,2880000,12.7323954473516,120,20,226194.671058465,60
78,Elution,12.9284631803254,20.0050770410453,6.86147222605397,60000,1.79693736523018,2910000,12.8650245665949,120,20,226194.671058465,60
78.5,Elution,14.3148719627065,20.0033846940302,6.84098148403598,60000,1.80031030911098,2940000,12.9976536858381,120,20,226194.671058465,60
79,Elution,15.7012807450876,20.0016923470151,6.82049074201799,60000,1.80368325299178,2970000,13.1302828050814,120,20,226194.671058465,60
79.5,Elution,17.0876895274687,20,6.8,60000,1.80705619687258,3000000,13.2629119243246,120,20,226194.671058465,60
80,Elution,1176.36122463163,38.1818181818182,6.20909090909091,60000,1.80286736010893,3030000,13.3955410435679,120,20,226194.671058465,60
80.5,Elution,1211.99976095374,40,6.15,60000,1.7881145979116,3060000,13.5281701628111,120,20,226194.671058465,60
81,Elution,1122.43421371863,41.8181818181818,6.09090909090909,60000,1.80857885341183,3090000,13.6607992820544,120,20,226194.671058465,60
81.5,Elution,931.928628422223,43.6363636363636,6.03181818181818,60000,1.78578024563038,3120000,13.7934284012976,120,20,226194.671058465,60
82,Elution,695.618602961395,45.4545454545455,5.97272727272727,60000,1.79874362185628,3150000,13.9260575205408,120,20,226194.671058465,60
82.5,Elution,466.112429387214,47.2727272727273,5.91363636363636,60000,1.77350737767616,3180000,14.0586866397841,120,20,226194.671058465,60
83,Elution,285.06955288188,49.0909090909091,5.85454545454546,60000,1.75316601032907,3210000,14.1913157590273,120,20,226194.671058465,60
83.5,Elution,159.02514956771,50.9090909090909,5.79545454545455,60000,1.79139450496043,3240000,14.3239448782706,120,20,226194.671058465,60
84,Elution,85.0664582177933,52.7272727272727,5.73636363636364,60000,1.79111757223523,3270000,14.4565739975138,120,20,226194.671058465,60
84.5,Elution,45.1094019995189,54.5454545454546,5.67727272727273,60000,1.79285555085772,3300000,14.5892031167571,120,20,226194.671058465,60
85,Elution,26.4142320259243,56.3636363636364,5.61818181818182,60000,1.81326305755656,3330000,14.7218322360003,120,20,226194.671058465,60
85.5,Elution,18.4221974699123,58.1818181818182,5.55909090909091,60000,1.81793798792097,3360000,14.8544613552436,120,20,226194.671058465,60
86,Elution,15.2027210143907,60,5.5,60000,1.80530267116605,3390000,14.9870904744868,120,20,226194.671058465,60
86.5,Elution,15.2027210143907,60,5.5,0,1.80530267116605,3390000,14.9870904744868,120,20,226194.671058465,0
87,Elution,15.2027210143907,60,5.5,0,1.80530267116605,3390000,14.9870904744868,120,20,226194.671058465,0
87.5,Elution,15.2027210143907,60,5.5,0,1.80530267116605,3390000,14.9870904744868,120,20,226194.671058465,0
88,Elution,15.2027210143907,60,5.5,0,1.80530267116605,3390000,14.9870904744868,120,20,226194.671058465,0
88.5,Elution,15.2027210143907,60,5.5,0,1.80530267116605,3390000,14.9870904744868,120,20,226194.671058465,0
89,Elution,15.2027210143907,60,5.5,0,1.80530267116605,3390000,14.9870904744868,120,20,226194.671058465,0
89.5,Elution,15.2027210143907,60,5.5,0,1.80530267116605,3390000,14.9870904744868,120,20,226194.671058465,0
90,Elution,15.2027210143907,60,5.5,0,1.80530267116605,3390000,14.9870904744868,120,20,226194.671058465,0
90.5,Elution,15.2027210143907,60,5.5,0,1.80530267116605,3390000,14.9870904744868,120,20,226194.671058465,0
91,Elution,15.2027210143907,60,5.5,0,1.80530267116605,3390000,14.9870904744868,120,20,226194.671058465,0
91.5,Elution,15.2027210143907,60,5.5,0,1.80530267116605,3390000,14.9870904744868,120,20,226194.671058465,0
92,Elution,15.2027210143907,60,5.5,0,1.80530267116605,3390000,14.9870904744868,120,20,226194.671058465,0
92.5,Elution,15.2027210143907,60,5.5,0,1.80530267116605,3390000,14.9870904744868,120,20,226194.671058465,0
93,Elution,15.2027210143907,60,5.5,0,1.80530267116605,3390000,14.9870904744868,120,20,226194.671058465,0
93.5,Elution,15.2027210143907,60,5.5,0,1.80530267116605,3390000,14.9870904744868,120,20,226194.671058465,0
94,Elution,15.2027210143907,60,5.5,0,1.80530267116605,3390000,14.9870904744868,120,20,226194.671058465,0
94.5,Elution,15.2027210143907,60,5.5,0,1.80530267116605,3390000,14.9870904744868,120,20,226194.671058465,0
95,Elution,15.2027210143907,60,5.5,0,1.80530267116605,3390000,14.9870904744868,120,20,226194.671058465,0
95.5,Elution,15.2027210143907,60,5.5,0,1.80530267116605,3390000,14.9870904744868,120,20,226194.671058465,0
96,Elution,15.2027210143907,60,5.5,0,1.80530267116605,3390000,14.9870904744868,120,20,226194.671058465,0
96.5,Elution,15.2027210143907,60,5.5,0,1.80530267116605,3390000,14.9870904744868,120,20,226194.671058465,0
97,Elution,15.2027210143907,60,5.5,0,1.80530267116605,3390000,14.9870904744868,120,20,226194.671058465,0
97.5,Elution,15.2027210143907,60,5.5,0,1.80530267116605,3390000,14.9870904744868,120,20,226194.671058465,0
98,Elution,15.2027210143907,60,5.5,0,1.80530267116605,3390000,14.9870904744868,120,20,226194.671058465,0
98.5,Elution,15.2027210143907,60,5.5,0,1.80530267116605,3390000,14.9870904744868,120,20,226194.671058465,0
99,Elution,15.2027210143907,60,5.5,0,1.80530267116605,3390000,14.9870904744868,120,20,226194.671058465,0
99.5,Elution,15.2027210143907,60,5.5,0,1.80530267116605,3390000,14.9870904744868,120,20,226194.671058465,0
100,Elution,15.2027210143907,60,5.5,0,1.80530267116605,3390000,14.9870904744868,120,20,226194.671058465,0
100.5,Elution,15.2027210143907,60,5.5,0,1.80530267116605,3390000,14.9870904744868,120,20,226194.671058465,0
101,Elution,15.2027210143907,60,5.5,0,1.80530267116605,3390000,14.9870904744868,120,20,226194.671058465,0
101.5,Elution,15.2027210143907,60,5.5,0,1.80530267116605,3390000,14.9870904744868,120,20,226194.671058465,0
102,Elution,15.2027210143907,60,5.5,0,1.80530267116605,3390000,14.9870904744868,120,20,226194.671058465,0
102.5,Elution,15.2027210143907,60,5.5,0,1.80530267116605,3390000,14.9870904744868,120,20,226194.671058465,0
103,Elution,15.2027210143907,60,5.5,0,1.80530267116605,3390000,14.9870904744868,120,20,226194.671058465,0
103.5,Elution,15.2027210143907,60,5.5,0,1.80530267116605,3390000,14.9870904744868,120,20,226194.671058465,0
104,Elution,15.2027210143907,60,5.5,0,1.80530267116605,3390000,14.9870904744868,120,20,226194.671058465,0
104.5,Elution,15.2027210143907,60,5.5,0,1.80530267116605,3390000,14.9870904744868,120,20,226194.671058465,0
105,Elution,15.2027210143907,60,5.5,0,1.80530267116605,3390000,14.9870904744868,120,20,226194.671058465,0
105.5,Elution,15.2027210143907,60,5.5,0,1.80530267116605,3390000,14.9870904744868,120,20,226194.671058465,0
106,Elution,15.2027210143907,60,5.5,0,1.80530267116605,3390000,14.9870904744868,120,20,226194.671058465,0
106.5,Elution,15.2027210143907,60,5.5,0,1.80530267116605,3390000,14.9870904744868,120,20,226194.671058465,0
107,Elution,15.2027210143907,60,5.5,0,1.80530267116605,3390000,14.9870904744868,120,20,226194.671058465,0
107.5,Elution,15.2027210143907,60,5.5,0,1.80530267116605,3390000,14.9870904744868,120,20,226194.671058465,0
108,Elution,15.2027210143907,60,5.5,0,1.80530267116605,3390000,14.9870904744868,120,20,226194.671058465,0
108.5,Elution,15.2027210143907,60,5.5,0,1.80530267116605,3390000,14.9870904744868,120,20,226194.671058465,0
109,Elution,15.2027210143907,60,5.5,0,1.80530267116605,3390000,14.9870904744868,120,20,226194.671058465,0
109.5,Elution,15.2027210143907,60,5.5,0,1.80530267116605,3390000,14.9870904744868,120,20,226194.671058465,0
110,Elution,15.2027210143907,60,5.5,0,1.80530267116605,3390000,14.9870904744868,120,20,226194.671058465,0
110.5,Elution,15.2027210143907,60,5.5,0,1.80530267116605,3390000,14.9870904744868,120,20,226194.671058465,0
111,Elution,15.2027210143907,60,5.5,0,1.80530267116605,3390000,14.9870904744868,120,20,226194.671058465,0
111.5,Elution,15.2027210143907,60,5.5,0,1.80530267116605,3390000,14.9870904744868,120,20,226194.671058465,0
112,Elution,15.2027210143907,60,5.5,0,1.80530267116605,3390000,14.9870904744868,120,20,226194.671058465,0
112.5,Elution,15.2027210143907,60,5.5,0,1.80530267116605,3390000,14.9870904744868,120,20,226194.671058465,0
113,Elution,15.2027210143907,60,5.5,0,1.80530267116605,3390000,14.9870904744868,120,20,226194.671058465,0
113.5,Elution,15.2027210143907,60,5.5,0,1.80530267116605,3390000,14.9870904744868,120,20,226194.671058465,0
114,Elution,15.2027210143907,60,5.5,0,1.80530267116605,3390000,14.9870904744868,120,20,226194.671058465,0
114.5,Elution,15.2027210143907,60,5.5,0,1.80530267116605,3390000,14.9870904744868,120,20,226194.671058465,0
115,Elution,15.2027210143907,60,5.5,0,1.80530267116605,3390000,14.9870904744868,120,20,226194.671058465,0
115.5,Elution,15.2027210143907,60,5.5,0,1.80530267116605,3390000,14.9870904744868,120,20,226194.671058465,0
116,Elution,15.2027210143907,60,5.5,0,1.80530267116605,3390000,14.9870904744868,120,20,226194.671058465,0
116.5,Strip,14.2929429618474,62.0370574216493,5.20002671118309,60000,1.7852155379298,3420000,15.1197195937301,120,20,226194.671058465,60
117,Strip,13.3831649093041,64.0741148432986,4.90005342236618,60000,1.76512840469354,3450000,15.2523487129733,120,20,226194.671058465,60
117.5,Strip,12.4733868567608,66.1111722649479,4.60008013354926,60000,1.74504127145729,3480000,15.3849778322166,120,20,226194.671058465,60
118,Strip,11.5636088042175,68.1482296865972,4.30010684473235,60000,1.72495413822103,3510000,15.5176069514598,120,20,226194.671058465,60
118.5,Strip,10.6538307516742,70.1852871082465,4.00013355591544,60000,1.70486700498478,3540000,15.650236070703,120,20,226194.671058465,60
119,Strip,9.74405269913092,72.2223445298959,3.70016026709852,60000,1.68477987174853,3570000,15.7828651899463,120,20,226194.671058465,60
119.5,Strip,8.83427464658762,74.2594019515452,3.40018697828161,60000,1.66469273851227,3600000,15.9154943091895,120,20,226194.671058465,60
120,Strip,7.92449659404432,76.2964593731945,3.1002136894647,60000,1.64460560527602,3630000,16.0481234284328,120,20,226194.671058465,60
120.5,Strip,7.01471854150102,78.3335167948438,2.80024040064779,60000,1.62451847203976,3660000,16.180752547676,120,20,226194.671058465,60
121,Strip,6.10494048895773,80.3705742164931,2.50026711183087,60000,1.60443133880351,3690000,16.3133816669193,120,20,226194.671058465,60
121.5,Strip,6.14025328094428,80.125839467856,2.52515557901739,60000,1.60018746268351,3720000,16.4460107861625,120,20,226194.671058465,60
122,Strip,2.78052574137695,79.2849833891128,2.51033405637297,60000,1.62351899569506,3750000,16.5786399054058,120,20,226194.671058465,60
122.5,Strip,4.09788886181895,80.050842161358,2.51999348039744,60000,1.5751598804272,3780000,16.711269024649,120,20,226194.671058465,60
123,Strip,4.50845917384284,80.0782263152424,2.49932793120088,60000,1.60135458049172,3810000,16.8438981438923,120,20,226194.671058465,60
123.5,Strip,6.04949860586332,80.8302307676097,2.51669051094738,60000,1.61350299026485,3840000,16.9765272631355,120,20,226194.671058465,60
124,Strip,6.04949860586332,80.8302307676097,2.51669051094738,0,1.61350299026485,3840000,16.9765272631355,120,20,226194.671058465,0
124.5,Strip,6.04949860586332,80.8302307676097,2.51669051094738,0,1.61350299026485,3840000,16.9765272631355,120,20,226194.671058465,0
125,Strip,6.04949860586332,80.8302307676097,2.51669051094738,0,1.61350299026485,3840000,16.9765272631355,120,20,226194.671058465,0
125.5,Strip,6.04949860586332,80.8302307676097,2.51669051094738,0,1.61350299026485,3840000,16.9765272631355,120,20,226194.671058465,0
126,Strip,6.04949860586332,80.8302307676097,2.51669051094738,0,1.61350299026485,3840000,16.9765272631355,120,20,226194.671058465,0
126.5,Strip,6.04949860586332,80.8302307676097,2.51669051094738,0,1.61350299026485,3840000,16.9765272631355,120,20,226194.671058465,0
127,Strip,6.04949860586332,80.8302307676097,2.51669051094738,0,1.61350299026485,3840000,16.9765272631355,120,20,226194.671058465,0
127.5,Strip,6.04949860586332,80.8302307676097,2.51669051094738,0,1.61350299026485,3840000,16.9765272631355,120,20,226194.671058465,0
128,Strip,6.04949860586332,80.8302307676097,2.51669051094738,0,1.61350299026485,3840000,16.9765272631355,120,20,226194.671058465,0
128.5,Strip,6.04949860586332,80.8302307676097,2.51669051094738,0,1.61350299026485,3840000,16.9765272631355,120,20,226194.671058465,0
129,Strip,6.04949860586332,80.8302307676097,2.51669051094738,0,1.61350299026485,3840000,16.9765272631355,120,20,226194.671058465,0
129.5,Strip,6.04949860586332,80.8302307676097,2.51669051094738,0,1.61350299026485,3840000,16.9765272631355,120,20,226194.671058465,0
130,Strip,6.04949860586332,80.8302307676097,2.51669051094738,0,1.61350299026485,3840000,16.9765272631355,120,20,226194.671058465,0
130.5,Strip,6.04949860586332,80.8302307676097,2.51669051094738,0,1.61350299026485,3840000,16.9765272631355,120,20,226194.671058465,0
131,Strip,6.04949860586332,80.8302307676097,2.51669051094738,0,1.61350299026485,3840000,16.9765272631355,120,20,226194.671058465,0
131.5,Strip,6.04949860586332,80.8302307676097,2.51669051094738,0,1.61350299026485,3840000,16.9765272631355,120,20,226194.671058465,0
132,Strip,6.04949860586332,80.8302307676097,2.51669051094738,0,1.61350299026485,3840000,16.9765272631355,120,20,226194.671058465,0
132.5,Strip,6.04949860586332,80.8302307676097,2.51669051094738,0,1.61350299026485,3840000,16.9765272631355,120,20,226194.671058465,0
133,Strip,6.04949860586332,80.8302307676097,2.51669051094738,0,1.61350299026485,3840000,16.9765272631355,120,20,226194.671058465,0
133.5,Strip,6.04949860586332,80.8302307676097,2.51669051094738,0,1.61350299026485,3840000,16.9765272631355,120,20,226194.671058465,0
134,CIP,6.0995378018899,79.6913718803135,3.36445999305094,60000,1.60149909610612,3870000,17.1091563823788,120,20,226194.671058465,60
134.5,CIP,6.14957699791648,78.5525129930174,4.2122294751545,60000,1.58949520194738,3900000,17.241785501622,120,20,226194.671058465,60
135,CIP,6.19961619394306,77.4136541057213,5.05999895725806,60000,1.57749130778865,3930000,17.3744146208652,120,20,226194.671058465,60
135.5,CIP,6.24965538996964,76.2747952184251,5.90776843936162,60000,1.56548741362991,3960000,17.5070437401085,120,20,226194.671058465,60
136,CIP,6.29969458599622,75.135936331129,6.75553792146518,60000,1.55348351947118,3990000,17.6396728593517,120,20,226194.671058465,60
136.5,CIP,6.3497337820228,73.9970774438329,7.60330740356874,60000,1.54147962531244,4020000,17.772301978595,120,20,226194.671058465,60
137,CIP,6.39977297804938,72.8582185565367,8.4510768856723,60000,1.52947573115371,4050000,17.9049310978382,120,20,226194.671058465,60
137.5,CIP,6.44981217407596,71.7193596692406,9.29884636777587,60000,1.51747183699497,4080000,18.0375602170815,120,20,226194.671058465,60
138,CIP,6.49985137010255,70.5805007819445,10.1466158498794,60000,1.50546794283623,4110000,18.1701893363247,120,20,226194.671058465,60
138.5,CIP,6.54989056612913,69.4416418946483,10.994385331983,60000,1.4934640486775,4140000,18.302818455568,120,20,226194.671058465,60
139,CIP,4.84538924138009,69.6221760799882,10.973736645636,60000,1.48216679769604,4170000,18.4354475748112,120,20,226194.671058465,60
139.5,CIP,4.84538924138009,69.6221760799882,10.973736645636,0,1.48216679769604,4170000,18.4354475748112,120,20,226194.671058465,0
140,CIP,4.84538924138009,69.6221760799882,10.973736645636,0,1.48216679769604,4170000,18.4354475748112,120,20,226194.671058465,0
140.5,CIP,4.84538924138009,69.6221760799882,10.973736645636,0,1.48216679769604,4170000,18.4354475748112,120,20,226194.671058465,0
141,CIP,4.84538924138009,69.6221760799882,10.973736645636,0,1.48216679769604,4170000,18.4354475748112,120,20,226194.671058465,0
141.5,CIP,4.84538924138009,69.6221760799882,10.973736645636,0,1.48216679769604,4170000,18.4354475748112,120,20,226194.671058465,0
142,CIP,4.84538924138009,69.6221760799882,10.973736645636,0,1.48216679769604,4170000,18.4354475748112,120,20,226194.671058465,0
142.5,CIP,4.84538924138009,69.6221760799882,10.973736645636,0,1.48216679769604,4170000,18.4354475748112,120,20,226194.671058465,0
143,CIP,4.84538924138009,69.6221760799882,10.973736645636,0,1.48216679769604,4170000,18.4354475748112,120,20,226194.671058465,0
143.5,CIP,4.84538924138009,69.6221760799882,10.973736645636,0,1.48216679769604,4170000,18.4354475748112,120,20,226194.671058465,0
144,CIP,4.84538924138009,69.6221760799882,10.973736645636,0,1.48216679769604,4170000,18.4354475748112,120,20,226194.671058465,0
144.5,CIP,4.84538924138009,69.6221760799882,10.973736645636,0,1.48216679769604,4170000,18.4354475748112,120,20,226194.671058465,0
145,CIP,4.84538924138009,69.6221760799882,10.973736645636,0,1.48216679769604,4170000,18.4354475748112,120,20,226194.671058465,0
145.5,CIP,4.84538924138009,69.6221760799882,10.973736645636,0,1.48216679769604,4170000,18.4354475748112,120,20,226194.671058465,0
146,CIP,4.84538924138009,69.6221760799882,10.973736645636,0,1.48216679769604,4170000,18.4354475748112,120,20,226194.671058465,0
146.5,CIP,4.84538924138009,69.6221760799882,10.973736645636,0,1.48216679769604,4170000,18.4354475748112,120,20,226194.671058465,0
147,CIP,4.84538924138009,69.6221760799882,10.973736645636,0,1.48216679769604,4170000,18.4354475748112,120,20,226194.671058465,0
147.5,CIP,4.84538924138009,69.6221760799882,10.973736645636,0,1.48216679769604,4170000,18.4354475748112,120,20,226194.671058465,0
148,CIP,4.84538924138009,69.6221760799882,10.973736645636,0,1.48216679769604,4170000,18.4354475748112,120,20,226194.671058465,0
148.5,CIP,4.84538924138009,69.6221760799882,10.973736645636,0,1.48216679769604,4170000,18.4354475748112,120,20,226194.671058465,0
149,CIP,4.84538924138009,69.6221760799882,10.973736645636,0,1.48216679769604,4170000,18.4354475748112,120,20,226194.671058465,0
149.5,CIP,4.84538924138009,69.6221760799882,10.973736645636,0,1.48216679769604,4170000,18.4354475748112,120,20,226194.671058465,0
150,CIP,4.84538924138009,69.6221760799882,10.973736645636,0,1.48216679769604,4170000,18.4354475748112,120,20,226194.671058465,0
150.5,CIP,4.84538924138009,69.6221760799882,10.973736645636,0,1.48216679769604,4170000,18.4354475748112,120,20,226194.671058465,0
151,CIP,4.84538924138009,69.6221760799882,10.973736645636,0,1.48216679769604,4170000,18.4354475748112,120,20,226194.671058465,0
151.5,CIP,4.84538924138009,69.6221760799882,10.973736645636,0,1.48216679769604,4170000,18.4354475748112,120,20,226194.671058465,0
152,CIP,4.84538924138009,69.6221760799882,10.973736645636,0,1.48216679769604,4170000,18.4354475748112,120,20,226194.671058465,0
152.5,CIP,4.84538924138009,69.6221760799882,10.973736645636,0,1.48216679769604,4170000,18.4354475748112,120,20,226194.671058465,0
153,CIP,4.84538924138009,69.6221760799882,10.973736645636,0,1.48216679769604,4170000,18.4354475748112,120,20,226194.671058465,0
153.5,CIP,4.84538924138009,69.6221760799882,10.973736645636,0,1.48216679769604,4170000,18.4354475748112,120,20,226194.671058465,0
154,CIP,4.84538924138009,69.6221760799882,10.973736645636,0,1.48216679769604,4170000,18.4354475748112,120,20,226194.671058465,0
154.5,Storage,4.8691221374284,63.6737650311724,10.4783516820086,60000,1.47592434471986,4200000,18.5680766940545,120,20,226194.671058465,60
155,Storage,4.89285503347671,57.7253539823566,9.9829667183813,60000,1.46968189174367,4230000,18.7007058132977,120,20,226194.671058465,60
155.5,Storage,4.91658792952502,51.7769429335409,9.48758175475395,60000,1.46343943876749,4260000,18.833334932541,120,20,226194.671058465,60
156,Storage,4.94032082557333,45.8285318847251,8.9921967911266,60000,1.45719698579131,4290000,18.9659640517842,120,20,226194.671058465,60
156.5,Storage,4.96405372162164,39.8801208359093,8.49681182749924,60000,1.45095453281513,4320000,19.0985931710274,120,20,226194.671058465,60
157,Storage,4.98778661766995,33.9317097870936,8.00142686387189,60000,1.44471207983895,4350000,19.2312222902707,120,20,226194.671058465,60
157.5,Storage,5.01151951371826,27.9832987382778,7.50604190024454,60000,1.43846962686277,4380000,19.3638514095139,120,20,226194.671058465,60
158,Storage,5.03525240976657,22.034887689462,7.01065693661719,60000,1.43222717388659,4410000,19.4964805287572,120,20,226194.671058465,60
158.5,Storage,5.05898530581488,16.0864766406463,6.51527197298984,60000,1.42598472091041,4440000,19.6291096480004,120,20,226194.671058465,60
159,Storage,5.08271820186319,10.1380655918305,6.01988700936249,60000,1.41974226793423,4470000,19.7617387672437,120,20,226194.671058465,60
159.5,Storage,6.35307357754206,9.83439258129653,5.99689733737639,60000,1.42052683947476,4500000,19.8943678864869,120,20,226194.671058465,60
160,Storage,6.35307357754206,9.83439258129653,5.99689733737639,0,1.42052683947476,4500000,19.8943678864869,120,20,226194.671058465,0
160.5,Storage,6.35307357754206,9.83439258129653,5.99689733737639,0,1.42052683947476,4500000,19.8943678864869,120,20,226194.671058465,0
161,Storage,6.35307357754206,9.83439258129653,5.99689733737639,0,1.42052683947476,4500000,19.8943678864869,120,20,226194.671058465,0
161.5,Storage,6.35307357754206,9.83439258129653,5.99689733737639,0,1.42052683947476,4500000,19.8943678864869,120,20,226194.671058465,0
162,Storage,6.35307357754206,9.83439258129653,5.99689733737639,0,1.42052683947476,4500000,19.8943678864869,120,20,226194.671058465,0
162.5,Storage,6.35307357754206,9.83439258129653,5.99689733737639,0,1.42052683947476,4500000,19.8943678864869,120,20,226194.671058465,0
163,Storage,6.35307357754206,9.83439258129653,5.99689733737639,0,1.42052683947476,4500000,19.8943678864869,120,20,226194.671058465,0
163.5,Storage,6.35307357754206,9.83439258129653,5.99689733737639,0,1.42052683947476,4500000,19.8943678864869,120,20,226194.671058465,0
164,Storage,6.35307357754206,9.83439258129653,5.99689733737639,0,1.42052683947476,4500000,19.8943678864869,120,20,226194.671058465,0
164.5,Storage,6.35307357754206,9.83439258129653,5.99689733737639,0,1.42052683947476,4500000,19.8943678864869,120,20,226194.671058465,0
165,Storage,6.35307357754206,9.83439258129653,5.99689733737639,0,1.42052683947476,4500000,19.8943678864869,120,20,226194.671058465,0
165.5,Storage,6.35307357754206,9.83439258129653,5.99689733737639,0,1.42052683947476,4500000,19.8943678864869,120,20,226194.671058465,0
166,Storage,6.35307357754206,9.83439258129653,5.99689733737639,0,1.42052683947476,4500000,19.8943678864869,120,20,226194.671058465,0
166.5,Storage,6.35307357754206,9.83439258129653,5.99689733737639,0,1.42052683947476,4500000,19.8943678864869,120,20,226194.671058465,0
167,Storage,6.35307357754206,9.83439258129653,5.99689733737639,0,1.42052683947476,4500000,19.8943678864869,120,20,226194.671058465,0
167.5,Storage,6.35307357754206,9.83439258129653,5.99689733737639,0,1.42052683947476,4500000,19.8943678864869,120,20,226194.671058465,0
168,Storage,6.35307357754206,9.83439258129653,5.99689733737639,0,1.42052683947476,4500000,19.8943678864869,120,20,226194.671058465,0
168.5,Storage,6.35307357754206,9.83439258129653,5.99689733737639,0,1.42052683947476,4500000,19.8943678864869,120,20,226194.671058465,0
169,Storage,6.35307357754206,9.83439258129653,5.99689733737639,0,1.42052683947476,4500000,19.8943678864869,120,20,226194.671058465,0
169.5,Storage,6.35307357754206,9.83439258129653,5.99689733737639,0,1.42052683947476,4500000,19.8943678864869,120,20,226194.671058465,0
170,Storage,6.35307357754206,9.83439258129653,5.99689733737639,0,1.42052683947476,4500000,19.8943678864869,120,20,226194.671058465,0
170.5,Storage,6.35307357754206,9.83439258129653,5.99689733737639,0,1.42052683947476,4500000,19.8943678864869,120,20,226194.671058465,0
171,Storage,6.35307357754206,9.83439258129653,5.99689733737639,0,1.42052683947476,4500000,19.8943678864869,120,20,226194.671058465,0
171.5,Storage,6.35307357754206,9.83439258129653,5.99689733737639,0,1.42052683947476,4500000,19.8943678864869,120,20,226194.671058465,0
172,Storage,6.35307357754206,9.83439258129653,5.99689733737639,0,1.42052683947476,4500000,19.8943678864869,120,20,226194.671058465,0
172.5,Storage,6.35307357754206,9.83439258129653,5.99689733737639,0,1.42052683947476,4500000,19.8943678864869,120,20,226194.671058465,0
173,Storage,6.35307357754206,9.83439258129653,5.99689733737639,0,1.42052683947476,4500000,19.8943678864869,120,20,226194.671058465,0
173.5,Storage,6.35307357754206,9.83439258129653,5.99689733737639,0,1.42052683947476,4500000,19.8943678864869,120,20,226194.671058465,0
174,Storage,6.35307357754206,9.83439258129653,5.99689733737639,0,1.42052683947476,4500000,19.8943678864869,120,20,226194.671058465,0
174.5,Storage,6.35307357754206,9.83439258129653,5.99689733737639,0,1.42052683947476,4500000,19.8943678864869,120,20,226194.671058465,0
175,Storage,6.35307357754206,9.83439258129653,5.99689733737639,0,1.42052683947476,4500000,19.8943678864869,120,20,226194.671058465,0
175.5,Storage,6.35307357754206,9.83439258129653,5.99689733737639,0,1.42052683947476,4500000,19.8943678864869,120,20,226194.671058465,0
176,Storage,6.35307357754206,9.83439258129653,5.99689733737639,0,1.42052683947476,4500000,19.8943678864869,120,20,226194.671058465,0
176.5,Storage,6.35307357754206,9.83439258129653,5.99689733737639,0,1.42052683947476,4500000,19.8943678864869,120,20,226194.671058465,0
177,Storage,6.35307357754206,9.83439258129653,5.99689733737639,0,1.42052683947476,4500000,19.8943678864869,120,20,226194.671058465,0
177.5,Storage,6.35307357754206,9.83439258129653,5.99689733737639,0,1.42052683947476,4500000,19.8943678864869,120,20,226194.671058465,0
178,Storage,6.35307357754206,9.83439258129653,5.99689733737639,0,1.42052683947476,4500000,19.8943678864869,120,20,226194.671058465,0
178.5,Storage,6.35307357754206,9.83439258129653,5.99689733737639,0,1.42052683947476,4500000,19.8943678864869,120,20,226194.671058465,0
179,Storage,6.35307357754206,9.83439258129653,5.99689733737639,0,1.42052683947476,4500000,19.8943678864869,120,20,226194.671058465,0
179.5,Storage,6.35307357754206,9.83439258129653,5.99689733737639,0,1.42052683947476,4500000,19.8943678864869,120,20,226194.671058465,0
